season,tier,hero_id,hero_name,role,subrole,winrate,pickrate,banrate,snapshot_date
S4,All,ana,Ana,SUPPORT,tactician,49,27.1,11.9,2026-09-03
S4,All,anran,Anran,DAMAGE,flanker,51.7,7.6,28.8,2026-09-03
S4,All,ashe,Ashe,DAMAGE,sharpshooter,51.1,11.3,1.7,2026-09-03
S4,All,baptiste,Baptiste,SUPPORT,tactician,46.1,6.6,0.1,2026-09-03
S4,All,bastion,Bastion,DAMAGE,specialist,47.2,15,6.2,2026-09-03
S4,All,brigitte,Brigitte,SUPPORT,survivor,49.4,4.3,0.1,2026-09-03
S4,All,cassidy,Cassidy,DAMAGE,sharpshooter,47.1,17.3,6.3,2026-09-03
S4,All,dmon,D.Mon,TANK,stalwart,55,13.3,13.5,2026-09-03
S4,All,dva,D.Va,TANK,initiator,44.8,5.7,3.5,2026-09-03
S4,All,domina,Domina,TANK,stalwart,49.1,3.9,4.5,2026-09-03
S4,All,doomfist,Doomfist,TANK,initiator,52.4,5.7,17.9,2026-09-03
S4,All,echo,Echo,DAMAGE,recon,48.8,3.7,0.5,2026-09-03
S4,All,emre,Emre,DAMAGE,specialist,47.6,7.1,0.2,2026-09-03
S4,All,freja,Freja,DAMAGE,recon,49.5,6.5,16.6,2026-09-03
S4,All,genji,Genji,DAMAGE,flanker,52.9,10.6,4.3,2026-09-03
S4,All,hanzo,Hanzo,DAMAGE,sharpshooter,50.8,7.4,1.2,2026-09-03
S4,All,hazard,Hazard,TANK,initiator,50.7,2.8,2.8,2026-09-03
S4,All,illari,Illari,SUPPORT,survivor,48.8,4.4,0.1,2026-09-03
S4,All,jetpack-cat,Jetpack Cat,SUPPORT,tactician,53.7,7.7,37.5,2026-09-03
S4,All,junker-queen,Junker Queen,TANK,stalwart,52.1,3.9,0.4,2026-09-03
S4,All,junkrat,Junkrat,DAMAGE,specialist,50.1,9.9,3.9,2026-09-03
S4,All,juno,Juno,SUPPORT,survivor,51.6,22.4,0.3,2026-09-03
S4,All,kiriko,Kiriko,SUPPORT,medic,46,32.5,4.2,2026-09-03
S4,All,lifeweaver,Lifeweaver,SUPPORT,medic,48.1,10.9,0.4,2026-09-03
S4,All,lucio,Lúcio,SUPPORT,tactician,50.4,5.5,0.4,2026-09-03
S4,All,mauga,Mauga,TANK,bruiser,48.4,5.5,30.2,2026-09-03
S4,All,mei,Mei,DAMAGE,specialist,50.2,9.4,6.2,2026-09-03
S4,All,mercy,Mercy,SUPPORT,medic,49.4,16.2,7.1,2026-09-03
S4,All,mizuki,Mizuki,SUPPORT,survivor,50.6,14.8,6.7,2026-09-03
S4,All,moira,Moira,SUPPORT,medic,49.3,30.6,4.4,2026-09-03
S4,All,orisa,Orisa,TANK,bruiser,44.5,10.5,8.1,2026-09-03
S4,All,pharah,Pharah,DAMAGE,recon,51.5,4.3,6.2,2026-09-03
S4,All,ramattra,Ramattra,TANK,stalwart,48.1,9.3,9.8,2026-09-03
S4,All,reaper,Reaper,DAMAGE,flanker,50,9.9,1.9,2026-09-03
S4,All,reinhardt,Reinhardt,TANK,stalwart,52.7,11.7,2.4,2026-09-03
S4,All,roadhog,Roadhog,TANK,bruiser,46.7,6.4,18.5,2026-09-03
S4,All,shion,Shion,DAMAGE,flanker,49.8,9.7,1.3,2026-09-03
S4,All,sierra,Sierra,DAMAGE,recon,49,11.3,22.2,2026-09-03
S4,All,sigma,Sigma,TANK,stalwart,48.7,9.3,4,2026-09-03
S4,All,sojourn,Sojourn,DAMAGE,sharpshooter,45.3,12.1,1.2,2026-09-03
S4,All,soldier-76,Soldier: 76,DAMAGE,specialist,49.1,18.4,0.5,2026-09-03
S4,All,sombra,Sombra,DAMAGE,recon,48.6,3.2,38.4,2026-09-03
S4,All,symmetra,Symmetra,DAMAGE,specialist,49.6,3.2,3.7,2026-09-03
S4,All,torbjorn,Torbjörn,DAMAGE,specialist,51.8,5.5,0.7,2026-09-03
S4,All,tracer,Tracer,DAMAGE,flanker,51,6.7,6.2,2026-09-03
S4,All,vendetta,Vendetta,DAMAGE,flanker,52.1,3.5,3.5,2026-09-03
S4,All,venture,Venture,DAMAGE,flanker,51.6,2.5,0.6,2026-09-03
S4,All,widowmaker,Widowmaker,DAMAGE,sharpshooter,50.8,4,5.9,2026-09-03
S4,All,winston,Winston,TANK,initiator,48.5,4.9,3.6,2026-09-03
S4,All,wrecking-ball,Wrecking Ball,TANK,initiator,51,2.9,9.7,2026-09-03
S4,All,wuyang,Wuyang,SUPPORT,survivor,51.4,5.8,0.1,2026-09-03
S4,All,zarya,Zarya,TANK,bruiser,48.7,4.3,50.6,2026-09-03
S4,All,zenyatta,Zenyatta,SUPPORT,tactician,53.3,11.4,2.5,2026-09-03
S4,Bronze,ana,Ana,SUPPORT,tactician,48.9,13.1,5.3,2026-09-03
S4,Bronze,anran,Anran,DAMAGE,flanker,52.1,9.9,29.4,2026-09-03
S4,Bronze,ashe,Ashe,DAMAGE,sharpshooter,49.5,8.9,0.6,2026-09-03
S4,Bronze,baptiste,Baptiste,SUPPORT,tactician,45.6,4.8,0.1,2026-09-03
S4,Bronze,bastion,Bastion,DAMAGE,specialist,47.9,19.5,3.8,2026-09-03
S4,Bronze,brigitte,Brigitte,SUPPORT,survivor,50.5,3.5,0.2,2026-09-03
S4,Bronze,cassidy,Cassidy,DAMAGE,sharpshooter,49.7,9,1,2026-09-03
S4,Bronze,dmon,D.Mon,TANK,stalwart,55.4,11.8,17.5,2026-09-03
S4,Bronze,dva,D.Va,TANK,initiator,44.7,10.8,3.3,2026-09-03
S4,Bronze,domina,Domina,TANK,stalwart,49,5.5,5.9,2026-09-03
S4,Bronze,doomfist,Doomfist,TANK,initiator,54.3,2.9,13.6,2026-09-03
S4,Bronze,echo,Echo,DAMAGE,recon,46.9,4.6,0.7,2026-09-03
S4,Bronze,emre,Emre,DAMAGE,specialist,47.1,7.5,0.2,2026-09-03
S4,Bronze,freja,Freja,DAMAGE,recon,48.7,7.3,1.8,2026-09-03
S4,Bronze,genji,Genji,DAMAGE,flanker,53.2,6.9,3.3,2026-09-03
S4,Bronze,hanzo,Hanzo,DAMAGE,sharpshooter,49.8,7.6,0.7,2026-09-03
S4,Bronze,hazard,Hazard,TANK,initiator,48.7,2.1,0.7,2026-09-03
S4,Bronze,illari,Illari,SUPPORT,survivor,48.4,5.4,0.1,2026-09-03
S4,Bronze,jetpack-cat,Jetpack Cat,SUPPORT,tactician,52.2,6.6,44.8,2026-09-03
S4,Bronze,junker-queen,Junker Queen,TANK,stalwart,51.6,3.2,0.4,2026-09-03
S4,Bronze,junkrat,Junkrat,DAMAGE,specialist,50,14.7,8.1,2026-09-03
S4,Bronze,juno,Juno,SUPPORT,survivor,50.8,29.1,0.8,2026-09-03
S4,Bronze,kiriko,Kiriko,SUPPORT,medic,47.2,26.9,1.2,2026-09-03
S4,Bronze,lifeweaver,Lifeweaver,SUPPORT,medic,46.9,11,0.2,2026-09-03
S4,Bronze,lucio,Lúcio,SUPPORT,tactician,50.2,7.6,0.5,2026-09-03
S4,Bronze,mauga,Mauga,TANK,bruiser,46.9,5.7,21.5,2026-09-03
S4,Bronze,mei,Mei,DAMAGE,specialist,52.6,9.5,10.9,2026-09-03
S4,Bronze,mercy,Mercy,SUPPORT,medic,46.9,22.6,7.2,2026-09-03
S4,Bronze,mizuki,Mizuki,SUPPORT,survivor,52.6,16,1.2,2026-09-03
S4,Bronze,moira,Moira,SUPPORT,medic,51.3,36.2,13.7,2026-09-03
S4,Bronze,orisa,Orisa,TANK,bruiser,45.7,14.2,10.4,2026-09-03
S4,Bronze,pharah,Pharah,DAMAGE,recon,49.9,5.6,9.2,2026-09-03
S4,Bronze,ramattra,Ramattra,TANK,stalwart,50.5,11.2,9.8,2026-09-03
S4,Bronze,reaper,Reaper,DAMAGE,flanker,51.5,7,2.2,2026-09-03
S4,Bronze,reinhardt,Reinhardt,TANK,stalwart,54.3,10.1,6.1,2026-09-03
S4,Bronze,roadhog,Roadhog,TANK,bruiser,46,4.9,9.2,2026-09-03
S4,Bronze,shion,Shion,DAMAGE,flanker,48.5,11.3,1.6,2026-09-03
S4,Bronze,sierra,Sierra,DAMAGE,recon,49.9,16.3,34.7,2026-09-03
S4,Bronze,sigma,Sigma,TANK,stalwart,49.2,10.2,5.1,2026-09-03
S4,Bronze,sojourn,Sojourn,DAMAGE,sharpshooter,44.4,11.7,0.3,2026-09-03
S4,Bronze,soldier-76,Soldier: 76,DAMAGE,specialist,49.1,15.9,0.6,2026-09-03
S4,Bronze,sombra,Sombra,DAMAGE,recon,51.2,2.2,74,2026-09-03
S4,Bronze,symmetra,Symmetra,DAMAGE,specialist,51.5,3.3,4.4,2026-09-03
S4,Bronze,torbjorn,Torbjörn,DAMAGE,specialist,52.9,6.7,0.9,2026-09-03
S4,Bronze,tracer,Tracer,DAMAGE,flanker,50.3,3.9,8.2,2026-09-03
S4,Bronze,vendetta,Vendetta,DAMAGE,flanker,52.5,4.1,5.3,2026-09-03
S4,Bronze,venture,Venture,DAMAGE,flanker,52.2,2.4,0.5,2026-09-03
S4,Bronze,widowmaker,Widowmaker,DAMAGE,sharpshooter,47.7,4.2,7.7,2026-09-03
S4,Bronze,winston,Winston,TANK,initiator,49.8,3.1,4.4,2026-09-03
S4,Bronze,wrecking-ball,Wrecking Ball,TANK,initiator,51.5,2,10,2026-09-03
S4,Bronze,wuyang,Wuyang,SUPPORT,survivor,49.6,6.4,0.1,2026-09-03
S4,Bronze,zarya,Zarya,TANK,bruiser,50.7,2.1,47.7,2026-09-03
S4,Bronze,zenyatta,Zenyatta,SUPPORT,tactician,52.6,11,1.2,2026-09-03
S4,Diamond,ana,Ana,SUPPORT,tactician,49.5,39.9,10.2,2026-09-03
S4,Diamond,anran,Anran,DAMAGE,flanker,51.1,5.4,10.9,2026-09-03
S4,Diamond,ashe,Ashe,DAMAGE,sharpshooter,51.5,11.1,1.5,2026-09-03
S4,Diamond,baptiste,Baptiste,SUPPORT,tactician,46.6,6.9,0.1,2026-09-03
S4,Diamond,bastion,Bastion,DAMAGE,specialist,47.9,8.3,4.2,2026-09-03
S4,Diamond,brigitte,Brigitte,SUPPORT,survivor,50,6.5,0.3,2026-09-03
S4,Diamond,cassidy,Cassidy,DAMAGE,sharpshooter,45.8,25.6,14.9,2026-09-03
S4,Diamond,dmon,D.Mon,TANK,stalwart,54.2,15.5,15.9,2026-09-03
S4,Diamond,dva,D.Va,TANK,initiator,44.5,5.1,8.1,2026-09-03
S4,Diamond,domina,Domina,TANK,stalwart,50.1,2.4,1.2,2026-09-03
S4,Diamond,doomfist,Doomfist,TANK,initiator,51.2,10,17.1,2026-09-03
S4,Diamond,echo,Echo,DAMAGE,recon,50.9,4.4,0.4,2026-09-03
S4,Diamond,emre,Emre,DAMAGE,specialist,48,6.9,0.2,2026-09-03
S4,Diamond,freja,Freja,DAMAGE,recon,50.5,6.2,48.7,2026-09-03
S4,Diamond,genji,Genji,DAMAGE,flanker,51.8,16.3,3.4,2026-09-03
S4,Diamond,hanzo,Hanzo,DAMAGE,sharpshooter,50.1,6.5,1.1,2026-09-03
S4,Diamond,hazard,Hazard,TANK,initiator,51.4,5,7.8,2026-09-03
S4,Diamond,illari,Illari,SUPPORT,survivor,49.4,3.7,0.1,2026-09-03
S4,Diamond,jetpack-cat,Jetpack Cat,SUPPORT,tactician,55.1,9,48.9,2026-09-03
S4,Diamond,junker-queen,Junker Queen,TANK,stalwart,52.7,4.7,0.6,2026-09-03
S4,Diamond,junkrat,Junkrat,DAMAGE,specialist,51.7,4.9,1.1,2026-09-03
S4,Diamond,juno,Juno,SUPPORT,survivor,51.5,21.6,0.3,2026-09-03
S4,Diamond,kiriko,Kiriko,SUPPORT,medic,46.1,38.4,8.4,2026-09-03
S4,Diamond,lifeweaver,Lifeweaver,SUPPORT,medic,48.8,7.4,0.6,2026-09-03
S4,Diamond,lucio,Lúcio,SUPPORT,tactician,50.6,5.8,0.3,2026-09-03
S4,Diamond,mauga,Mauga,TANK,bruiser,50.4,5.1,41,2026-09-03
S4,Diamond,mei,Mei,DAMAGE,specialist,49.3,5.5,1.3,2026-09-03
S4,Diamond,mercy,Mercy,SUPPORT,medic,50.3,13.8,9.7,2026-09-03
S4,Diamond,mizuki,Mizuki,SUPPORT,survivor,49,11.7,15.8,2026-09-03
S4,Diamond,moira,Moira,SUPPORT,medic,48.1,16.2,0.9,2026-09-03
S4,Diamond,orisa,Orisa,TANK,bruiser,43.9,5.9,4.8,2026-09-03
S4,Diamond,pharah,Pharah,DAMAGE,recon,52.8,4,2.9,2026-09-03
S4,Diamond,ramattra,Ramattra,TANK,stalwart,45.8,5,4.3,2026-09-03
S4,Diamond,reaper,Reaper,DAMAGE,flanker,49.6,8.8,1.5,2026-09-03
S4,Diamond,reinhardt,Reinhardt,TANK,stalwart,50.6,8.7,1.5,2026-09-03
S4,Diamond,roadhog,Roadhog,TANK,bruiser,47.3,6.5,27.2,2026-09-03
S4,Diamond,shion,Shion,DAMAGE,flanker,51,12.2,0.8,2026-09-03
S4,Diamond,sierra,Sierra,DAMAGE,recon,46.3,4.6,2.8,2026-09-03
S4,Diamond,sigma,Sigma,TANK,stalwart,49.7,7.6,4.9,2026-09-03
S4,Diamond,sojourn,Sojourn,DAMAGE,sharpshooter,46,17.2,2.5,2026-09-03
S4,Diamond,soldier-76,Soldier: 76,DAMAGE,specialist,50.3,16.7,0.3,2026-09-03
S4,Diamond,sombra,Sombra,DAMAGE,recon,47.5,4,5,2026-09-03
S4,Diamond,symmetra,Symmetra,DAMAGE,specialist,51.5,2.2,1.2,2026-09-03
S4,Diamond,torbjorn,Torbjörn,DAMAGE,specialist,51.2,4,0.3,2026-09-03
S4,Diamond,tracer,Tracer,DAMAGE,flanker,51.5,14.6,10.7,2026-09-03
S4,Diamond,vendetta,Vendetta,DAMAGE,flanker,52,2.9,1,2026-09-03
S4,Diamond,venture,Venture,DAMAGE,flanker,52.3,2.3,0.4,2026-09-03
S4,Diamond,widowmaker,Widowmaker,DAMAGE,sharpshooter,51.6,5.2,9.6,2026-09-03
S4,Diamond,winston,Winston,TANK,initiator,48.5,6.7,2,2026-09-03
S4,Diamond,wrecking-ball,Wrecking Ball,TANK,initiator,49.2,5.3,10.8,2026-09-03
S4,Diamond,wuyang,Wuyang,SUPPORT,survivor,52.3,7.8,0.1,2026-09-03
S4,Diamond,zarya,Zarya,TANK,bruiser,49.3,6.4,26,2026-09-03
S4,Diamond,zenyatta,Zenyatta,SUPPORT,tactician,52.9,11.1,3.9,2026-09-03
S4,Emerald,ana,Ana,SUPPORT,tactician,49.5,35.9,11.7,2026-09-03
S4,Emerald,anran,Anran,DAMAGE,flanker,51.6,6.6,22.5,2026-09-03
S4,Emerald,ashe,Ashe,DAMAGE,sharpshooter,51.4,12.4,2.4,2026-09-03
S4,Emerald,baptiste,Baptiste,SUPPORT,tactician,46.5,7.2,0.1,2026-09-03
S4,Emerald,bastion,Bastion,DAMAGE,specialist,46.8,10.9,6.5,2026-09-03
S4,Emerald,brigitte,Brigitte,SUPPORT,survivor,49.2,4.8,0.2,2026-09-03
S4,Emerald,cassidy,Cassidy,DAMAGE,sharpshooter,46,22.7,11,2026-09-03
S4,Emerald,dmon,D.Mon,TANK,stalwart,54.9,15.1,13.4,2026-09-03
S4,Emerald,dva,D.Va,TANK,initiator,44.5,4.9,5.1,2026-09-03
S4,Emerald,domina,Domina,TANK,stalwart,49.5,3.1,2.6,2026-09-03
S4,Emerald,doomfist,Doomfist,TANK,initiator,52.2,7.8,20.5,2026-09-03
S4,Emerald,echo,Echo,DAMAGE,recon,50.2,3.9,0.4,2026-09-03
S4,Emerald,emre,Emre,DAMAGE,specialist,48.2,7.2,0.3,2026-09-03
S4,Emerald,freja,Freja,DAMAGE,recon,50.2,6.5,31.2,2026-09-03
S4,Emerald,genji,Genji,DAMAGE,flanker,52.8,14.2,5.2,2026-09-03
S4,Emerald,hanzo,Hanzo,DAMAGE,sharpshooter,50.4,7.4,1.6,2026-09-03
S4,Emerald,hazard,Hazard,TANK,initiator,51.3,3.6,5,2026-09-03
S4,Emerald,illari,Illari,SUPPORT,survivor,49.6,3.8,0.1,2026-09-03
S4,Emerald,jetpack-cat,Jetpack Cat,SUPPORT,tactician,54.2,8.4,39.4,2026-09-03
S4,Emerald,junker-queen,Junker Queen,TANK,stalwart,52.6,4.4,0.5,2026-09-03
S4,Emerald,junkrat,Junkrat,DAMAGE,specialist,51.5,6.6,2,2026-09-03
S4,Emerald,juno,Juno,SUPPORT,survivor,52,21.4,0.3,2026-09-03
S4,Emerald,kiriko,Kiriko,SUPPORT,medic,45.5,35.8,6.1,2026-09-03
S4,Emerald,lifeweaver,Lifeweaver,SUPPORT,medic,48.2,9.9,0.7,2026-09-03
S4,Emerald,lucio,Lúcio,SUPPORT,tactician,50.9,4.7,0.3,2026-09-03
S4,Emerald,mauga,Mauga,TANK,bruiser,48.7,4.8,34.9,2026-09-03
S4,Emerald,mei,Mei,DAMAGE,specialist,49.3,7.7,3.1,2026-09-03
S4,Emerald,mercy,Mercy,SUPPORT,medic,50.7,14.4,8.9,2026-09-03
S4,Emerald,mizuki,Mizuki,SUPPORT,survivor,49.4,12.7,11.5,2026-09-03
S4,Emerald,moira,Moira,SUPPORT,medic,48.4,22.9,1.8,2026-09-03
S4,Emerald,orisa,Orisa,TANK,bruiser,44,7.8,6.3,2026-09-03
S4,Emerald,pharah,Pharah,DAMAGE,recon,52.7,3.8,3.6,2026-09-03
S4,Emerald,ramattra,Ramattra,TANK,stalwart,46.2,6.8,7.2,2026-09-03
S4,Emerald,reaper,Reaper,DAMAGE,flanker,49.5,9.7,1.7,2026-09-03
S4,Emerald,reinhardt,Reinhardt,TANK,stalwart,51.7,11,1.6,2026-09-03
S4,Emerald,roadhog,Roadhog,TANK,bruiser,46.7,6.8,27.3,2026-09-03
S4,Emerald,shion,Shion,DAMAGE,flanker,50.8,9.9,1.1,2026-09-03
S4,Emerald,sierra,Sierra,DAMAGE,recon,47.8,8,9.8,2026-09-03
S4,Emerald,sigma,Sigma,TANK,stalwart,48.8,8.3,4,2026-09-03
S4,Emerald,sojourn,Sojourn,DAMAGE,sharpshooter,45.9,14.1,2.1,2026-09-03
S4,Emerald,soldier-76,Soldier: 76,DAMAGE,specialist,49.3,18,0.4,2026-09-03
S4,Emerald,sombra,Sombra,DAMAGE,recon,47.8,4,15.2,2026-09-03
S4,Emerald,symmetra,Symmetra,DAMAGE,specialist,50,2.6,2.3,2026-09-03
S4,Emerald,torbjorn,Torbjörn,DAMAGE,specialist,51.7,4.3,0.5,2026-09-03
S4,Emerald,tracer,Tracer,DAMAGE,flanker,51,9.3,7.9,2026-09-03
S4,Emerald,vendetta,Vendetta,DAMAGE,flanker,51.9,3.2,2,2026-09-03
S4,Emerald,venture,Venture,DAMAGE,flanker,51.8,2.5,0.7,2026-09-03
S4,Emerald,widowmaker,Widowmaker,DAMAGE,sharpshooter,52,4.5,8,2026-09-03
S4,Emerald,winston,Winston,TANK,initiator,48.7,6.1,3.1,2026-09-03
S4,Emerald,wrecking-ball,Wrecking Ball,TANK,initiator,50.6,4,12.9,2026-09-03
S4,Emerald,wuyang,Wuyang,SUPPORT,survivor,52.4,6.4,0.1,2026-09-03
S4,Emerald,zarya,Zarya,TANK,bruiser,48.1,5.6,37,2026-09-03
S4,Emerald,zenyatta,Zenyatta,SUPPORT,tactician,53.2,11.7,3.7,2026-09-03
S4,Gold,ana,Ana,SUPPORT,tactician,48.5,23,13.2,2026-09-03
S4,Gold,anran,Anran,DAMAGE,flanker,51.6,8.3,34.3,2026-09-03
S4,Gold,ashe,Ashe,DAMAGE,sharpshooter,51,11.1,1.6,2026-09-03
S4,Gold,baptiste,Baptiste,SUPPORT,tactician,45.7,6.4,0.1,2026-09-03
S4,Gold,bastion,Bastion,DAMAGE,specialist,47.3,17.4,6.6,2026-09-03
S4,Gold,brigitte,Brigitte,SUPPORT,survivor,49.3,3.7,0.1,2026-09-03
S4,Gold,cassidy,Cassidy,DAMAGE,sharpshooter,47.7,14.4,3.3,2026-09-03
S4,Gold,dmon,D.Mon,TANK,stalwart,55,12.4,12.5,2026-09-03
S4,Gold,dva,D.Va,TANK,initiator,44.9,5.6,2.1,2026-09-03
S4,Gold,domina,Domina,TANK,stalwart,48.7,4.4,5.7,2026-09-03
S4,Gold,doomfist,Doomfist,TANK,initiator,52.8,4.4,17.1,2026-09-03
S4,Gold,echo,Echo,DAMAGE,recon,47.9,3.4,0.4,2026-09-03
S4,Gold,emre,Emre,DAMAGE,specialist,47.3,7.1,0.2,2026-09-03
S4,Gold,freja,Freja,DAMAGE,recon,49,6.4,6.7,2026-09-03
S4,Gold,genji,Genji,DAMAGE,flanker,53.7,8.5,4.2,2026-09-03
S4,Gold,hanzo,Hanzo,DAMAGE,sharpshooter,50.9,7.4,1,2026-09-03
S4,Gold,hazard,Hazard,TANK,initiator,50.6,2.2,1.3,2026-09-03
S4,Gold,illari,Illari,SUPPORT,survivor,48.6,4.7,0.1,2026-09-03
S4,Gold,jetpack-cat,Jetpack Cat,SUPPORT,tactician,53.5,7.3,33.7,2026-09-03
S4,Gold,junker-queen,Junker Queen,TANK,stalwart,52,3.7,0.4,2026-09-03
S4,Gold,junkrat,Junkrat,DAMAGE,specialist,49.7,11.7,4.6,2026-09-03
S4,Gold,juno,Juno,SUPPORT,survivor,51.5,22.4,0.3,2026-09-03
S4,Gold,kiriko,Kiriko,SUPPORT,medic,46.2,30.4,2.9,2026-09-03
S4,Gold,lifeweaver,Lifeweaver,SUPPORT,medic,48,11.8,0.4,2026-09-03
S4,Gold,lucio,Lúcio,SUPPORT,tactician,50.2,5.4,0.5,2026-09-03
S4,Gold,mauga,Mauga,TANK,bruiser,48.3,5.8,27.5,2026-09-03
S4,Gold,mei,Mei,DAMAGE,specialist,50.3,10.8,7.8,2026-09-03
S4,Gold,mercy,Mercy,SUPPORT,medic,48.8,16.9,6,2026-09-03
S4,Gold,mizuki,Mizuki,SUPPORT,survivor,51.1,16.1,3.8,2026-09-03
S4,Gold,moira,Moira,SUPPORT,medic,49.5,35.5,5,2026-09-03
S4,Gold,orisa,Orisa,TANK,bruiser,44.6,11.9,9,2026-09-03
S4,Gold,pharah,Pharah,DAMAGE,recon,51.1,4.5,7.6,2026-09-03
S4,Gold,ramattra,Ramattra,TANK,stalwart,48.5,10.8,11.8,2026-09-03
S4,Gold,reaper,Reaper,DAMAGE,flanker,50.1,10.4,1.9,2026-09-03
S4,Gold,reinhardt,Reinhardt,TANK,stalwart,53,12.6,2.4,2026-09-03
S4,Gold,roadhog,Roadhog,TANK,bruiser,46.3,6.4,14.3,2026-09-03
S4,Gold,shion,Shion,DAMAGE,flanker,49.2,8.9,1.4,2026-09-03
S4,Gold,sierra,Sierra,DAMAGE,recon,49.4,13.2,29.4,2026-09-03
S4,Gold,sigma,Sigma,TANK,stalwart,48.6,9.9,3.7,2026-09-03
S4,Gold,sojourn,Sojourn,DAMAGE,sharpshooter,44.7,10.4,0.7,2026-09-03
S4,Gold,soldier-76,Soldier: 76,DAMAGE,specialist,48.8,19.2,0.6,2026-09-03
S4,Gold,sombra,Sombra,DAMAGE,recon,49.2,2.9,49.8,2026-09-03
S4,Gold,symmetra,Symmetra,DAMAGE,specialist,49,3.5,4.5,2026-09-03
S4,Gold,torbjorn,Torbjörn,DAMAGE,specialist,51.6,6.1,0.8,2026-09-03
S4,Gold,tracer,Tracer,DAMAGE,flanker,51,4.5,4.6,2026-09-03
S4,Gold,vendetta,Vendetta,DAMAGE,flanker,52,3.7,4.4,2026-09-03
S4,Gold,venture,Venture,DAMAGE,flanker,51.5,2.6,0.6,2026-09-03
S4,Gold,widowmaker,Widowmaker,DAMAGE,sharpshooter,50.9,3.5,4.2,2026-09-03
S4,Gold,winston,Winston,TANK,initiator,48.5,4.2,3.9,2026-09-03
S4,Gold,wrecking-ball,Wrecking Ball,TANK,initiator,52,2.1,8.2,2026-09-03
S4,Gold,wuyang,Wuyang,SUPPORT,survivor,50.9,5.1,0.1,2026-09-03
S4,Gold,zarya,Zarya,TANK,bruiser,49.1,3.7,61.3,2026-09-03
S4,Gold,zenyatta,Zenyatta,SUPPORT,tactician,53.5,11.4,2,2026-09-03
S4,Grandmaster,ana,Ana,SUPPORT,tactician,50.3,34.7,11,2026-09-03
S4,Grandmaster,anran,Anran,DAMAGE,flanker,52.4,2.4,0.3,2026-09-03
S4,Grandmaster,ashe,Ashe,DAMAGE,sharpshooter,52.8,7.3,0.2,2026-09-03
S4,Grandmaster,baptiste,Baptiste,SUPPORT,tactician,48.4,4.8,0.1,2026-09-03
S4,Grandmaster,bastion,Bastion,DAMAGE,specialist,49.4,5.6,1.5,2026-09-03
S4,Grandmaster,brigitte,Brigitte,SUPPORT,survivor,48.6,7.9,0.4,2026-09-03
S4,Grandmaster,cassidy,Cassidy,DAMAGE,sharpshooter,48.6,26.5,18.7,2026-09-03
S4,Grandmaster,dmon,D.Mon,TANK,stalwart,53.6,15.9,23,2026-09-03
S4,Grandmaster,dva,D.Va,TANK,initiator,45.7,5.1,9,2026-09-03
S4,Grandmaster,domina,Domina,TANK,stalwart,49.8,2.4,0.2,2026-09-03
S4,Grandmaster,doomfist,Doomfist,TANK,initiator,50.6,9.9,12.4,2026-09-03
S4,Grandmaster,echo,Echo,DAMAGE,recon,52.9,4.6,0.2,2026-09-03
S4,Grandmaster,emre,Emre,DAMAGE,specialist,48.7,5.1,0.1,2026-09-03
S4,Grandmaster,freja,Freja,DAMAGE,recon,50.8,7.9,59.1,2026-09-03
S4,Grandmaster,genji,Genji,DAMAGE,flanker,48.1,10.5,0.4,2026-09-03
S4,Grandmaster,hanzo,Hanzo,DAMAGE,sharpshooter,46.3,3.8,0.4,2026-09-03
S4,Grandmaster,hazard,Hazard,TANK,initiator,52.3,8.4,8.2,2026-09-03
S4,Grandmaster,illari,Illari,SUPPORT,survivor,49.4,6,0.5,2026-09-03
S4,Grandmaster,jetpack-cat,Jetpack Cat,SUPPORT,tactician,54.3,9.2,77.2,2026-09-03
S4,Grandmaster,junker-queen,Junker Queen,TANK,stalwart,52.2,4,0.7,2026-09-03
S4,Grandmaster,junkrat,Junkrat,DAMAGE,specialist,52.9,4.2,1.3,2026-09-03
S4,Grandmaster,juno,Juno,SUPPORT,survivor,50.3,15.9,0.2,2026-09-03
S4,Grandmaster,kiriko,Kiriko,SUPPORT,medic,47.9,54.3,17.1,2026-09-03
S4,Grandmaster,lifeweaver,Lifeweaver,SUPPORT,medic,50.2,4.8,0.3,2026-09-03
S4,Grandmaster,lucio,Lúcio,SUPPORT,tactician,50.9,15.4,1.9,2026-09-03
S4,Grandmaster,mauga,Mauga,TANK,bruiser,48.1,6.3,42.2,2026-09-03
S4,Grandmaster,mei,Mei,DAMAGE,specialist,49.9,3.4,0.6,2026-09-03
S4,Grandmaster,mercy,Mercy,SUPPORT,medic,49.3,9.1,3.4,2026-09-03
S4,Grandmaster,mizuki,Mizuki,SUPPORT,survivor,47.4,11.5,14.5,2026-09-03
S4,Grandmaster,moira,Moira,SUPPORT,medic,49.8,10.3,0.4,2026-09-03
S4,Grandmaster,orisa,Orisa,TANK,bruiser,45.8,7.8,5.2,2026-09-03
S4,Grandmaster,pharah,Pharah,DAMAGE,recon,52.1,5.1,2.7,2026-09-03
S4,Grandmaster,ramattra,Ramattra,TANK,stalwart,48.8,4.7,3.1,2026-09-03
S4,Grandmaster,reaper,Reaper,DAMAGE,flanker,49.1,8.7,2.2,2026-09-03
S4,Grandmaster,reinhardt,Reinhardt,TANK,stalwart,48.5,4.9,1.6,2026-09-03
S4,Grandmaster,roadhog,Roadhog,TANK,bruiser,49.9,5.2,18.2,2026-09-03
S4,Grandmaster,shion,Shion,DAMAGE,flanker,49.9,19.3,0.9,2026-09-03
S4,Grandmaster,sierra,Sierra,DAMAGE,recon,47.1,1.6,0.1,2026-09-03
S4,Grandmaster,sigma,Sigma,TANK,stalwart,48.6,8,4.6,2026-09-03
S4,Grandmaster,sojourn,Sojourn,DAMAGE,sharpshooter,47.9,23.8,1.4,2026-09-03
S4,Grandmaster,soldier-76,Soldier: 76,DAMAGE,specialist,50.5,10.6,0.7,2026-09-03
S4,Grandmaster,sombra,Sombra,DAMAGE,recon,47,1.5,0.2,2026-09-03
S4,Grandmaster,symmetra,Symmetra,DAMAGE,specialist,52.5,2.4,0.2,2026-09-03
S4,Grandmaster,torbjorn,Torbjörn,DAMAGE,specialist,46.8,4,0.3,2026-09-03
S4,Grandmaster,tracer,Tracer,DAMAGE,flanker,51.5,29.9,11.1,2026-09-03
S4,Grandmaster,vendetta,Vendetta,DAMAGE,flanker,50,2.8,0.3,2026-09-03
S4,Grandmaster,venture,Venture,DAMAGE,flanker,49.7,1.6,0.2,2026-09-03
S4,Grandmaster,widowmaker,Widowmaker,DAMAGE,sharpshooter,48.9,7.4,7.5,2026-09-03
S4,Grandmaster,winston,Winston,TANK,initiator,48.6,4.9,0.3,2026-09-03
S4,Grandmaster,wrecking-ball,Wrecking Ball,TANK,initiator,47.9,5.2,3.6,2026-09-03
S4,Grandmaster,wuyang,Wuyang,SUPPORT,survivor,50.8,9,0.1,2026-09-03
S4,Grandmaster,zarya,Zarya,TANK,bruiser,51.1,7.3,19.2,2026-09-03
S4,Grandmaster,zenyatta,Zenyatta,SUPPORT,tactician,51.4,7.2,1.1,2026-09-03
S4,Master,ana,Ana,SUPPORT,tactician,49.2,37.3,9.8,2026-09-03
S4,Master,anran,Anran,DAMAGE,flanker,49.5,3.9,2.8,2026-09-03
S4,Master,ashe,Ashe,DAMAGE,sharpshooter,52.1,9.5,0.6,2026-09-03
S4,Master,baptiste,Baptiste,SUPPORT,tactician,47.1,6,0,2026-09-03
S4,Master,bastion,Bastion,DAMAGE,specialist,47.7,6.2,2.4,2026-09-03
S4,Master,brigitte,Brigitte,SUPPORT,survivor,50.2,8.6,0.4,2026-09-03
S4,Master,cassidy,Cassidy,DAMAGE,sharpshooter,46.4,26.3,17.7,2026-09-03
S4,Master,dmon,D.Mon,TANK,stalwart,53.6,14.5,19.9,2026-09-03
S4,Master,dva,D.Va,TANK,initiator,46.4,5,9.2,2026-09-03
S4,Master,domina,Domina,TANK,stalwart,51.8,2,0.3,2026-09-03
S4,Master,doomfist,Doomfist,TANK,initiator,49.6,10.8,13.3,2026-09-03
S4,Master,echo,Echo,DAMAGE,recon,51.3,5.2,0.3,2026-09-03
S4,Master,emre,Emre,DAMAGE,specialist,48.4,6.6,0.1,2026-09-03
S4,Master,freja,Freja,DAMAGE,recon,50.7,6.3,60.6,2026-09-03
S4,Master,genji,Genji,DAMAGE,flanker,51.2,15.6,1.8,2026-09-03
S4,Master,hanzo,Hanzo,DAMAGE,sharpshooter,48.8,5.1,0.6,2026-09-03
S4,Master,hazard,Hazard,TANK,initiator,52.1,6.3,8.6,2026-09-03
S4,Master,illari,Illari,SUPPORT,survivor,50.8,4.1,0.1,2026-09-03
S4,Master,jetpack-cat,Jetpack Cat,SUPPORT,tactician,54,9,62.7,2026-09-03
S4,Master,junker-queen,Junker Queen,TANK,stalwart,53.7,4.8,0.4,2026-09-03
S4,Master,junkrat,Junkrat,DAMAGE,specialist,52.3,3.6,0.5,2026-09-03
S4,Master,juno,Juno,SUPPORT,survivor,51,20.8,0.2,2026-09-03
S4,Master,kiriko,Kiriko,SUPPORT,medic,47.8,46,11.1,2026-09-03
S4,Master,lifeweaver,Lifeweaver,SUPPORT,medic,48.6,6.1,0.3,2026-09-03
S4,Master,lucio,Lúcio,SUPPORT,tactician,50.9,8.7,0.6,2026-09-03
S4,Master,mauga,Mauga,TANK,bruiser,49.8,5.5,45,2026-09-03
S4,Master,mei,Mei,DAMAGE,specialist,48.6,4.4,0.7,2026-09-03
S4,Master,mercy,Mercy,SUPPORT,medic,50.4,12.6,8,2026-09-03
S4,Master,mizuki,Mizuki,SUPPORT,survivor,47.7,11,17.5,2026-09-03
S4,Master,moira,Moira,SUPPORT,medic,49.2,11.7,0.6,2026-09-03
S4,Master,orisa,Orisa,TANK,bruiser,46.8,6.3,4.3,2026-09-03
S4,Master,pharah,Pharah,DAMAGE,recon,54.7,4.5,2.9,2026-09-03
S4,Master,ramattra,Ramattra,TANK,stalwart,46.5,4.1,2.9,2026-09-03
S4,Master,reaper,Reaper,DAMAGE,flanker,50.7,9.6,1.9,2026-09-03
S4,Master,reinhardt,Reinhardt,TANK,stalwart,50.1,6.7,1.6,2026-09-03
S4,Master,roadhog,Roadhog,TANK,bruiser,47.4,6.2,21.6,2026-09-03
S4,Master,shion,Shion,DAMAGE,flanker,50.1,15.5,0.9,2026-09-03
S4,Master,sierra,Sierra,DAMAGE,recon,42.5,1.9,0.4,2026-09-03
S4,Master,sigma,Sigma,TANK,stalwart,48,7.7,5.5,2026-09-03
S4,Master,sojourn,Sojourn,DAMAGE,sharpshooter,46.7,20.5,1.9,2026-09-03
S4,Master,soldier-76,Soldier: 76,DAMAGE,specialist,51.1,14.5,0.5,2026-09-03
S4,Master,sombra,Sombra,DAMAGE,recon,48.6,3.1,1,2026-09-03
S4,Master,symmetra,Symmetra,DAMAGE,specialist,52.4,2.1,0.6,2026-09-03
S4,Master,torbjorn,Torbjörn,DAMAGE,specialist,49.6,4.1,0.2,2026-09-03
S4,Master,tracer,Tracer,DAMAGE,flanker,51.1,20.7,11.8,2026-09-03
S4,Master,vendetta,Vendetta,DAMAGE,flanker,51.6,2.8,0.5,2026-09-03
S4,Master,venture,Venture,DAMAGE,flanker,52.9,2.4,0.4,2026-09-03
S4,Master,widowmaker,Widowmaker,DAMAGE,sharpshooter,50.2,5.8,9,2026-09-03
S4,Master,winston,Winston,TANK,initiator,49.5,7.1,1,2026-09-03
S4,Master,wrecking-ball,Wrecking Ball,TANK,initiator,47.1,5.8,6,2026-09-03
S4,Master,wuyang,Wuyang,SUPPORT,survivor,51.3,9,0.1,2026-09-03
S4,Master,zarya,Zarya,TANK,bruiser,50.8,7.2,22.1,2026-09-03
S4,Master,zenyatta,Zenyatta,SUPPORT,tactician,51.8,9.2,2.7,2026-09-03
S4,Platinum,ana,Ana,SUPPORT,tactician,49.2,29.4,13.7,2026-09-03
S4,Platinum,anran,Anran,DAMAGE,flanker,51.6,7.3,31.1,2026-09-03
S4,Platinum,ashe,Ashe,DAMAGE,sharpshooter,51.3,12.4,2.3,2026-09-03
S4,Platinum,baptiste,Baptiste,SUPPORT,tactician,46.3,7.1,0.1,2026-09-03
S4,Platinum,bastion,Bastion,DAMAGE,specialist,46.7,14.2,7.2,2026-09-03
S4,Platinum,brigitte,Brigitte,SUPPORT,survivor,49.2,4,0.1,2026-09-03
S4,Platinum,cassidy,Cassidy,DAMAGE,sharpshooter,46.8,18.5,6.6,2026-09-03
S4,Platinum,dmon,D.Mon,TANK,stalwart,55.1,13.6,12.2,2026-09-03
S4,Platinum,dva,D.Va,TANK,initiator,45.1,5,3,2026-09-03
S4,Platinum,domina,Domina,TANK,stalwart,49,3.8,4.6,2026-09-03
S4,Platinum,doomfist,Doomfist,TANK,initiator,52.7,5.8,20,2026-09-03
S4,Platinum,echo,Echo,DAMAGE,recon,49.2,3.5,0.4,2026-09-03
S4,Platinum,emre,Emre,DAMAGE,specialist,47.7,7.2,0.3,2026-09-03
S4,Platinum,freja,Freja,DAMAGE,recon,49.9,6.4,15.9,2026-09-03
S4,Platinum,genji,Genji,DAMAGE,flanker,53.1,11,5.2,2026-09-03
S4,Platinum,hanzo,Hanzo,DAMAGE,sharpshooter,51.1,7.8,1.5,2026-09-03
S4,Platinum,hazard,Hazard,TANK,initiator,50.4,2.6,2.6,2026-09-03
S4,Platinum,illari,Illari,SUPPORT,survivor,48.6,4.1,0.1,2026-09-03
S4,Platinum,jetpack-cat,Jetpack Cat,SUPPORT,tactician,53.7,7.6,34,2026-09-03
S4,Platinum,junker-queen,Junker Queen,TANK,stalwart,52.1,4,0.4,2026-09-03
S4,Platinum,junkrat,Junkrat,DAMAGE,specialist,50.2,9.2,3.2,2026-09-03
S4,Platinum,juno,Juno,SUPPORT,survivor,51.7,21.4,0.3,2026-09-03
S4,Platinum,kiriko,Kiriko,SUPPORT,medic,45.7,33.5,4.5,2026-09-03
S4,Platinum,lifeweaver,Lifeweaver,SUPPORT,medic,48,11.4,0.5,2026-09-03
S4,Platinum,lucio,Lúcio,SUPPORT,tactician,50.8,4.7,0.4,2026-09-03
S4,Platinum,mauga,Mauga,TANK,bruiser,48.5,5.3,30.7,2026-09-03
S4,Platinum,mei,Mei,DAMAGE,specialist,49.7,9.7,5.7,2026-09-03
S4,Platinum,mercy,Mercy,SUPPORT,medic,50.4,15.2,7.1,2026-09-03
S4,Platinum,mizuki,Mizuki,SUPPORT,survivor,50.3,14.4,7,2026-09-03
S4,Platinum,moira,Moira,SUPPORT,medic,48.8,30.3,2.9,2026-09-03
S4,Platinum,orisa,Orisa,TANK,bruiser,44.2,10.2,8,2026-09-03
S4,Platinum,pharah,Pharah,DAMAGE,recon,51.9,4,5.1,2026-09-03
S4,Platinum,ramattra,Ramattra,TANK,stalwart,47.4,9,10.2,2026-09-03
S4,Platinum,reaper,Reaper,DAMAGE,flanker,49.6,10.4,1.8,2026-09-03
S4,Platinum,reinhardt,Reinhardt,TANK,stalwart,52.7,12.2,1.9,2026-09-03
S4,Platinum,roadhog,Roadhog,TANK,bruiser,47.1,6.8,21.5,2026-09-03
S4,Platinum,shion,Shion,DAMAGE,flanker,50.1,8.9,1.3,2026-09-03
S4,Platinum,sierra,Sierra,DAMAGE,recon,48.8,11.2,20.4,2026-09-03
S4,Platinum,sigma,Sigma,TANK,stalwart,48.6,9.3,3.7,2026-09-03
S4,Platinum,sojourn,Sojourn,DAMAGE,sharpshooter,45.5,11.6,1.3,2026-09-03
S4,Platinum,soldier-76,Soldier: 76,DAMAGE,specialist,49,19.1,0.5,2026-09-03
S4,Platinum,sombra,Sombra,DAMAGE,recon,48.4,3.5,32,2026-09-03
S4,Platinum,symmetra,Symmetra,DAMAGE,specialist,49.3,3.3,3.9,2026-09-03
S4,Platinum,torbjorn,Torbjörn,DAMAGE,specialist,51.6,5,0.6,2026-09-03
S4,Platinum,tracer,Tracer,DAMAGE,flanker,50.7,6,5.3,2026-09-03
S4,Platinum,vendetta,Vendetta,DAMAGE,flanker,52.4,3.3,3.3,2026-09-03
S4,Platinum,venture,Venture,DAMAGE,flanker,51.3,2.5,0.7,2026-09-03
S4,Platinum,widowmaker,Widowmaker,DAMAGE,sharpshooter,51.8,3.9,5.5,2026-09-03
S4,Platinum,winston,Winston,TANK,initiator,48.2,5,3.7,2026-09-03
S4,Platinum,wrecking-ball,Wrecking Ball,TANK,initiator,51.5,2.8,10.7,2026-09-03
S4,Platinum,wuyang,Wuyang,SUPPORT,survivor,51.8,5.4,0.1,2026-09-03
S4,Platinum,zarya,Zarya,TANK,bruiser,47.9,4.6,51.3,2026-09-03
S4,Platinum,zenyatta,Zenyatta,SUPPORT,tactician,53.4,11.6,2.9,2026-09-03
S4,Silver,ana,Ana,SUPPORT,tactician,48.3,17.5,9.3,2026-09-03
S4,Silver,anran,Anran,DAMAGE,flanker,52,9.2,33.5,2026-09-03
S4,Silver,ashe,Ashe,DAMAGE,sharpshooter,50.4,9.5,0.9,2026-09-03
S4,Silver,baptiste,Baptiste,SUPPORT,tactician,45.5,5.5,0.1,2026-09-03
S4,Silver,bastion,Bastion,DAMAGE,specialist,47.6,19.5,5.4,2026-09-03
S4,Silver,brigitte,Brigitte,SUPPORT,survivor,49.7,3.7,0.1,2026-09-03
S4,Silver,cassidy,Cassidy,DAMAGE,sharpshooter,48.5,11.3,1.5,2026-09-03
S4,Silver,dmon,D.Mon,TANK,stalwart,55.2,11.9,14.5,2026-09-03
S4,Silver,dva,D.Va,TANK,initiator,44.6,7.1,2.2,2026-09-03
S4,Silver,domina,Domina,TANK,stalwart,49.4,5,6.1,2026-09-03
S4,Silver,doomfist,Doomfist,TANK,initiator,53.2,3.5,14.8,2026-09-03
S4,Silver,echo,Echo,DAMAGE,recon,47.2,3.9,0.6,2026-09-03
S4,Silver,emre,Emre,DAMAGE,specialist,47.4,7.1,0.2,2026-09-03
S4,Silver,freja,Freja,DAMAGE,recon,48.6,6.5,2.8,2026-09-03
S4,Silver,genji,Genji,DAMAGE,flanker,52.8,7.4,3.4,2026-09-03
S4,Silver,hanzo,Hanzo,DAMAGE,sharpshooter,50.9,7.2,0.7,2026-09-03
S4,Silver,hazard,Hazard,TANK,initiator,49.9,2.1,0.9,2026-09-03
S4,Silver,illari,Illari,SUPPORT,survivor,48.3,5.2,0.1,2026-09-03
S4,Silver,jetpack-cat,Jetpack Cat,SUPPORT,tactician,52.8,7.1,37.1,2026-09-03
S4,Silver,junker-queen,Junker Queen,TANK,stalwart,51.4,3.3,0.4,2026-09-03
S4,Silver,junkrat,Junkrat,DAMAGE,specialist,49.5,13.7,6.4,2026-09-03
S4,Silver,juno,Juno,SUPPORT,survivor,51.1,24.5,0.5,2026-09-03
S4,Silver,kiriko,Kiriko,SUPPORT,medic,46.5,27.4,1.8,2026-09-03
S4,Silver,lifeweaver,Lifeweaver,SUPPORT,medic,48.3,11.5,0.3,2026-09-03
S4,Silver,lucio,Lúcio,SUPPORT,tactician,49.7,6.6,0.5,2026-09-03
S4,Silver,mauga,Mauga,TANK,bruiser,48,6,24.3,2026-09-03
S4,Silver,mei,Mei,DAMAGE,specialist,51.5,10.7,9.5,2026-09-03
S4,Silver,mercy,Mercy,SUPPORT,medic,47.8,19.1,6.1,2026-09-03
S4,Silver,mizuki,Mizuki,SUPPORT,survivor,51.8,17,2.1,2026-09-03
S4,Silver,moira,Moira,SUPPORT,medic,50.3,38.3,8.6,2026-09-03
S4,Silver,orisa,Orisa,TANK,bruiser,44.9,13,9.8,2026-09-03
S4,Silver,pharah,Pharah,DAMAGE,recon,50.3,5,9.5,2026-09-03
S4,Silver,ramattra,Ramattra,TANK,stalwart,49.7,11.7,12,2026-09-03
S4,Silver,reaper,Reaper,DAMAGE,flanker,51.2,9.3,2.1,2026-09-03
S4,Silver,reinhardt,Reinhardt,TANK,stalwart,53.5,12.1,3.8,2026-09-03
S4,Silver,roadhog,Roadhog,TANK,bruiser,45.9,5.6,9.9,2026-09-03
S4,Silver,shion,Shion,DAMAGE,flanker,48.7,9.7,1.4,2026-09-03
S4,Silver,sierra,Sierra,DAMAGE,recon,49.8,14.7,34.4,2026-09-03
S4,Silver,sigma,Sigma,TANK,stalwart,48.7,10.2,4.2,2026-09-03
S4,Silver,sojourn,Sojourn,DAMAGE,sharpshooter,44.1,10.3,0.4,2026-09-03
S4,Silver,soldier-76,Soldier: 76,DAMAGE,specialist,49,17.9,0.6,2026-09-03
S4,Silver,sombra,Sombra,DAMAGE,recon,49.3,2.5,64.8,2026-09-03
S4,Silver,symmetra,Symmetra,DAMAGE,specialist,49.8,3.5,4.6,2026-09-03
S4,Silver,torbjorn,Torbjörn,DAMAGE,specialist,52.5,6.9,0.9,2026-09-03
S4,Silver,tracer,Tracer,DAMAGE,flanker,50.9,4,5.3,2026-09-03
S4,Silver,vendetta,Vendetta,DAMAGE,flanker,51.9,4,4.8,2026-09-03
S4,Silver,venture,Venture,DAMAGE,flanker,51.6,2.6,0.5,2026-09-03
S4,Silver,widowmaker,Widowmaker,DAMAGE,sharpshooter,48.2,3.5,4.6,2026-09-03
S4,Silver,winston,Winston,TANK,initiator,48.4,3.8,4.4,2026-09-03
S4,Silver,wrecking-ball,Wrecking Ball,TANK,initiator,52.4,1.9,7.5,2026-09-03
S4,Silver,wuyang,Wuyang,SUPPORT,survivor,50.5,5.3,0.1,2026-09-03
S4,Silver,zarya,Zarya,TANK,bruiser,49.9,2.9,60.5,2026-09-03
S4,Silver,zenyatta,Zenyatta,SUPPORT,tactician,53.1,11.2,1.3,2026-09-03
